timestamp,funding_rate
2026-05-01T00:00:00+00:00,0.0001
2026-05-01T08:00:00+00:00,0.0001
2026-05-01T16:00:00+00:00,0.0001
2026-05-02T00:00:00+00:00,0.0001
2026-05-02T08:00:00+00:00,0.0001
2026-05-02T16:00:00+00:00,0.0001
2026-05-03T00:00:00+00:00,-0.0001
2026-05-03T08:00:00+00:00,0.0001
2026-05-03T16:00:00+00:00,0.0001
2026-05-04T00:00:00+00:00,0.0001
2026-05-04T08:00:00+00:00,0.0001
2026-05-04T16:00:00+00:00,0.0001
2026-05-05T00:00:00+00:00,0.0001
2026-05-05T08:00:00+00:00,0.0001
2026-05-05T16:00:00+00:00,0.0001
2026-05-06T00:00:00+00:00,0.0001
2026-05-06T08:00:00+00:00,0.0001
2026-05-06T16:00:00+00:00,-0.0001
2026-05-07T00:00:00+00:00,-0.0001
2026-05-07T08:00:00+00:00,-0.0001
2026-05-07T16:00:00+00:00,0.0001
2026-05-08T00:00:00+00:00,0.0001
2026-05-08T08:00:00+00:00,0.0001
2026-05-08T16:00:00+00:00,0.0001
2026-05-09T00:00:00+00:00,0.0001
2026-05-09T08:00:00+00:00,0.0001
2026-05-09T16:00:00+00:00,0.0001
2026-05-10T00:00:00+00:00,0.0001
2026-05-10T08:00:00+00:00,0.0001
2026-05-10T16:00:00+00:00,-0.0001
2026-05-11T00:00:00+00:00,0.0001
2026-05-11T08:00:00+00:00,0.0001
2026-05-11T16:00:00+00:00,0.0001
2026-05-12T00:00:00+00:00,0.0001
2026-05-12T08:00:00+00:00,0.0001
2026-05-12T16:00:00+00:00,0.0001
2026-05-13T00:00:00+00:00,-0.0001
2026-05-13T08:00:00+00:00,0.0001
2026-05-13T16:00:00+00:00,0.0001
2026-05-14T00:00:00+00:00,0.0001
2026-05-14T08:00:00+00:00,0.0001
2026-05-14T16:00:00+00:00,0.0001
2026-05-15T00:00:00+00:00,0.0001
2026-05-15T08:00:00+00:00,0.0001
2026-05-15T16:00:00+00:00,0.0001
2026-05-16T00:00:00+00:00,0.0001
2026-05-16T08:00:00+00:00,0.0001
2026-05-16T16:00:00+00:00,0.0001
2026-05-17T00:00:00+00:00,0.0001
2026-05-17T08:00:00+00:00,0.0001
2026-05-17T16:00:00+00:00,0.0001
2026-05-18T00:00:00+00:00,0.0001
2026-05-18T08:00:00+00:00,0.0001
2026-05-18T16:00:00+00:00,0.0001
2026-05-19T00:00:00+00:00,0.0001
2026-05-19T08:00:00+00:00,0.0001
2026-05-19T16:00:00+00:00,0.0001
2026-05-20T00:00:00+00:00,0.0001
2026-05-20T08:00:00+00:00,0.0001
2026-05-20T16:00:00+00:00,0.0001
2026-05-21T00:00:00+00:00,0.0001
2026-05-21T08:00:00+00:00,0.0001
2026-05-21T16:00:00+00:00,0.0001
2026-05-22T00:00:00+00:00,-0.0001
2026-05-22T08:00:00+00:00,0.0001
2026-05-22T16:00:00+00:00,0.0001
2026-05-23T00:00:00+00:00,0.0001
2026-05-23T08:00:00+00:00,0.0001
2026-05-23T16:00:00+00:00,0.0001
2026-05-24T00:00:00+00:00,0.0001
2026-05-24T08:00:00+00:00,-0.0001
2026-05-24T16:00:00+00:00,0.0001
2026-05-25T00:00:00+00:00,0.0001
2026-05-25T08:00:00+00:00,0.0001
2026-05-25T16:00:00+00:00,0.0001
2026-05-26T00:00:00+00:00,0.0001
2026-05-26T08:00:00+00:00,0.0001
2026-05-26T16:00:00+00:00,0.0001
2026-05-27T00:00:00+00:00,0.0001
2026-05-27T08:00:00+00:00,0.0001
2026-05-27T16:00:00+00:00,0.0001
2026-05-28T00:00:00+00:00,0.0001
2026-05-28T08:00:00+00:00,0.0001
2026-05-28T16:00:00+00:00,0.0001
2026-05-29T00:00:00+00:00,0.0001
2026-05-29T08:00:00+00:00,0.0001
2026-05-29T16:00:00+00:00,0.0001
2026-05-30T00:00:00+00:00,-0.0001
2026-05-30T08:00:00+00:00,-0.0001
2026-05-30T16:00:00+00:00,-0.0001
2026-05-31T00:00:00+00:00,-0.0001
2026-05-31T08:00:00+00:00,0.0001
2026-05-31T16:00:00+00:00,0.0001
2026-06-01T00:00:00+00:00,0.0001
2026-06-01T08:00:00+00:00,0.0001
2026-06-01T16:00:00+00:00,0.0001
2026-06-02T00:00:00+00:00,0.0001
2026-06-02T08:00:00+00:00,0.0001
2026-06-02T16:00:00+00:00,0.0001
2026-06-03T00:00:00+00:00,0.0001
2026-06-03T08:00:00+00:00,-0.0001
2026-06-03T16:00:00+00:00,-0.0001
2026-06-04T00:00:00+00:00,-0.0001
2026-06-04T08:00:00+00:00,0.0001
2026-06-04T16:00:00+00:00,-0.0001
2026-06-05T00:00:00+00:00,-0.0001
2026-06-05T08:00:00+00:00,-0.0001
2026-06-05T16:00:00+00:00,0.0001
2026-06-06T00:00:00+00:00,0.0001
2026-06-06T08:00:00+00:00,0.0001
2026-06-06T16:00:00+00:00,0.0001
2026-06-07T00:00:00+00:00,0.0001
2026-06-07T08:00:00+00:00,0.0001
2026-06-07T16:00:00+00:00,0.0001
2026-06-08T00:00:00+00:00,0.0001
2026-06-08T08:00:00+00:00,0.0001
2026-06-08T16:00:00+00:00,0.0001
2026-06-09T00:00:00+00:00,0.0001
2026-06-09T08:00:00+00:00,-0.0001
2026-06-09T16:00:00+00:00,-0.0001
2026-06-10T00:00:00+00:00,-0.0001
2026-06-10T08:00:00+00:00,-0.0001
2026-06-10T16:00:00+00:00,-0.0001
2026-06-11T00:00:00+00:00,-0.0001
2026-06-11T08:00:00+00:00,-0.0001
2026-06-11T16:00:00+00:00,-0.0001
2026-06-12T00:00:00+00:00,-0.0001
2026-06-12T08:00:00+00:00,-0.0001
2026-06-12T16:00:00+00:00,-0.0001
2026-06-13T00:00:00+00:00,-0.0001
2026-06-13T08:00:00+00:00,-0.0001
2026-06-13T16:00:00+00:00,-0.0001
2026-06-14T00:00:00+00:00,-0.0001
2026-06-14T08:00:00+00:00,-0.0001
2026-06-14T16:00:00+00:00,-0.0001
2026-06-15T00:00:00+00:00,0.0001
2026-06-15T08:00:00+00:00,0.0001
2026-06-15T16:00:00+00:00,0.0001
2026-06-16T00:00:00+00:00,-0.0001
2026-06-16T08:00:00+00:00,-0.0001
2026-06-16T16:00:00+00:00,-0.0001
2026-06-17T00:00:00+00:00,-0.0001
2026-06-17T08:00:00+00:00,-0.0001
2026-06-17T16:00:00+00:00,-0.0001
2026-06-18T00:00:00+00:00,0.0001
2026-06-18T08:00:00+00:00,0.0001
2026-06-18T16:00:00+00:00,0.0001
2026-06-19T00:00:00+00:00,0.0001
2026-06-19T08:00:00+00:00,0.0001
2026-06-19T16:00:00+00:00,0.0001
2026-06-20T00:00:00+00:00,0.0001
2026-06-20T08:00:00+00:00,0.0001
2026-06-20T16:00:00+00:00,0.0001
2026-06-21T00:00:00+00:00,0.0001
2026-06-21T08:00:00+00:00,0.0001
2026-06-21T16:00:00+00:00,0.0001
2026-06-22T00:00:00+00:00,0.0001
2026-06-22T08:00:00+00:00,0.0001
2026-06-22T16:00:00+00:00,0.0001
2026-06-23T00:00:00+00:00,0.0001
2026-06-23T08:00:00+00:00,-0.0001
2026-06-23T16:00:00+00:00,-0.0001
2026-06-24T00:00:00+00:00,-0.0001
2026-06-24T08:00:00+00:00,-0.0001
2026-06-24T16:00:00+00:00,-0.0001
2026-06-25T00:00:00+00:00,-0.0001
2026-06-25T08:00:00+00:00,-0.0001
2026-06-25T16:00:00+00:00,-0.0001
2026-06-26T00:00:00+00:00,-0.0001
2026-06-26T08:00:00+00:00,-0.0001
2026-06-26T16:00:00+00:00,-0.0001
2026-06-27T00:00:00+00:00,-0.0001
2026-06-27T08:00:00+00:00,-0.0001
2026-06-27T16:00:00+00:00,-0.0001
2026-06-28T00:00:00+00:00,-0.0001
2026-06-28T08:00:00+00:00,0.0001
2026-06-28T16:00:00+00:00,0.0001
2026-06-29T00:00:00+00:00,-0.0001
2026-06-29T08:00:00+00:00,-0.0001
2026-06-29T16:00:00+00:00,-0.0001
2026-06-30T00:00:00+00:00,-0.0001
2026-06-30T08:00:00+00:00,-0.0001
2026-06-30T16:00:00+00:00,-0.0001
2026-07-01T00:00:00+00:00,-0.0001
2026-07-01T08:00:00+00:00,-0.0001
2026-07-01T16:00:00+00:00,0.0001
2026-07-02T00:00:00+00:00,0.0001
2026-07-02T08:00:00+00:00,0.0001
2026-07-02T16:00:00+00:00,0.0001
2026-07-03T00:00:00+00:00,0.0001
2026-07-03T08:00:00+00:00,0.0001
2026-07-03T16:00:00+00:00,0.0001
2026-07-04T00:00:00+00:00,-0.0001
2026-07-04T08:00:00+00:00,-0.0001
2026-07-04T16:00:00+00:00,-0.0001
2026-07-05T00:00:00+00:00,0.0001
2026-07-05T08:00:00+00:00,-0.0001
2026-07-05T16:00:00+00:00,-0.0001
2026-07-06T00:00:00+00:00,-0.0001
2026-07-06T08:00:00+00:00,0.0001
2026-07-06T16:00:00+00:00,0.0001
2026-07-07T00:00:00+00:00,-0.0001
2026-07-07T08:00:00+00:00,0.0001
2026-07-07T16:00:00+00:00,0.0001
2026-07-08T00:00:00+00:00,0.0001
2026-07-08T08:00:00+00:00,0.0001
2026-07-08T16:00:00+00:00,0.0001
2026-07-09T00:00:00+00:00,0.0001
2026-07-09T08:00:00+00:00,0.0001
2026-07-09T16:00:00+00:00,0.0001
2026-07-10T00:00:00+00:00,0.0001
2026-07-10T08:00:00+00:00,0.0001
2026-07-10T16:00:00+00:00,0.0001
2026-07-11T00:00:00+00:00,0.0001
2026-07-11T08:00:00+00:00,0.0001
2026-07-11T16:00:00+00:00,0.0001
2026-07-12T00:00:00+00:00,0.0001
2026-07-12T08:00:00+00:00,0.0001
2026-07-12T16:00:00+00:00,0.0001
2026-07-13T00:00:00+00:00,0.0001
2026-07-13T08:00:00+00:00,0.0001
2026-07-13T16:00:00+00:00,0.0001
2026-07-14T00:00:00+00:00,0.0001
2026-07-14T08:00:00+00:00,0.0001
2026-07-14T16:00:00+00:00,0.0001
2026-07-15T00:00:00+00:00,0.0001
2026-07-15T08:00:00+00:00,0.0001
2026-07-15T16:00:00+00:00,-0.0001
2026-07-16T00:00:00+00:00,-0.0001
2026-07-16T08:00:00+00:00,-0.0001
2026-07-16T16:00:00+00:00,-0.0001
2026-07-17T00:00:00+00:00,-0.0001
2026-07-17T08:00:00+00:00,0.0001
2026-07-17T16:00:00+00:00,0.0001
2026-07-18T00:00:00+00:00,0.0001
2026-07-18T08:00:00+00:00,-0.0001
2026-07-18T16:00:00+00:00,-0.0001
2026-07-19T00:00:00+00:00,-0.0001
2026-07-19T08:00:00+00:00,-0.0001
2026-07-19T16:00:00+00:00,0.0001
2026-07-20T00:00:00+00:00,0.0001
2026-07-20T08:00:00+00:00,0.0001
2026-07-20T16:00:00+00:00,0.0001
2026-07-21T00:00:00+00:00,0.0001
2026-07-21T08:00:00+00:00,0.0001
2026-07-21T16:00:00+00:00,0.0001
2026-07-22T00:00:00+00:00,0.0001
2026-07-22T08:00:00+00:00,0.0001
2026-07-22T16:00:00+00:00,0.0001
2026-07-23T00:00:00+00:00,0.0001
2026-07-23T08:00:00+00:00,0.0001
2026-07-23T16:00:00+00:00,0.0001
2026-07-24T00:00:00+00:00,0.0001
2026-07-24T08:00:00+00:00,-0.0001
2026-07-24T16:00:00+00:00,0.0001
2026-07-25T00:00:00+00:00,0.0001
2026-07-25T08:00:00+00:00,0.0001
2026-07-25T16:00:00+00:00,-0.0001
2026-07-26T00:00:00+00:00,-0.0001
2026-07-26T08:00:00+00:00,-0.0001
2026-07-26T16:00:00+00:00,0.0001
2026-07-27T00:00:00+00:00,0.0001
2026-07-27T08:00:00+00:00,0.0001
2026-07-27T16:00:00+00:00,0.0001
2026-07-28T00:00:00+00:00,0.0001
2026-07-28T08:00:00+00:00,0.0001
2026-07-28T16:00:00+00:00,0.0001
2026-07-29T00:00:00+00:00,0.0001
2026-07-29T08:00:00+00:00,0.0001
2026-07-29T16:00:00+00:00,0.0001
2026-07-30T00:00:00+00:00,0.0001
2026-07-30T08:00:00+00:00,0.0001
2026-07-30T16:00:00+00:00,0.0001
2026-07-31T00:00:00+00:00,-0.0001
2026-07-31T08:00:00+00:00,-0.0001
2026-07-31T16:00:00+00:00,-0.0001
2026-08-01T00:00:00+00:00,-0.0001
2026-08-01T08:00:00+00:00,-0.0001
2026-08-01T16:00:00+00:00,-0.0001
2026-08-02T00:00:00+00:00,-0.0001
2026-08-02T08:00:00+00:00,-0.0001
2026-08-02T16:00:00+00:00,-0.0001
2026-08-03T00:00:00+00:00,-0.0001
2026-08-03T08:00:00+00:00,-0.0001
2026-08-03T16:00:00+00:00,0.0001
2026-08-04T00:00:00+00:00,0.0001
2026-08-04T08:00:00+00:00,0.0001
2026-08-04T16:00:00+00:00,0.0001
2026-08-05T00:00:00+00:00,0.0001
2026-08-05T08:00:00+00:00,0.0001
2026-08-05T16:00:00+00:00,0.0001
2026-08-06T00:00:00+00:00,0.0001
2026-08-06T08:00:00+00:00,0.0001
2026-08-06T16:00:00+00:00,0.0001
2026-08-07T00:00:00+00:00,0.0001
2026-08-07T08:00:00+00:00,0.0001
2026-08-07T16:00:00+00:00,0.0001
2026-08-08T00:00:00+00:00,0.0001
2026-08-08T08:00:00+00:00,0.0001
2026-08-08T16:00:00+00:00,0.0001
2026-08-09T00:00:00+00:00,-0.0001
2026-08-09T08:00:00+00:00,0.0001
2026-08-09T16:00:00+00:00,0.0001
2026-08-10T00:00:00+00:00,-0.0001
2026-08-10T08:00:00+00:00,0.0001
2026-08-10T16:00:00+00:00,0.0001
2026-08-11T00:00:00+00:00,0.0001
2026-08-11T08:00:00+00:00,0.0001
2026-08-11T16:00:00+00:00,0.0001
2026-08-12T00:00:00+00:00,0.0001
2026-08-12T08:00:00+00:00,0.0001
2026-08-12T16:00:00+00:00,0.0001
2026-08-13T00:00:00+00:00,0.0001
2026-08-13T08:00:00+00:00,0.0001
2026-08-13T16:00:00+00:00,0.0001
2026-08-14T00:00:00+00:00,0.0001
2026-08-14T08:00:00+00:00,0.0001
2026-08-14T16:00:00+00:00,0.0001
2026-08-15T00:00:00+00:00,0.0001
2026-08-15T08:00:00+00:00,0.0001
2026-08-15T16:00:00+00:00,0.0001
2026-08-16T00:00:00+00:00,0.0001
2026-08-16T08:00:00+00:00,0.0001
2026-08-16T16:00:00+00:00,-0.0001
2026-08-17T00:00:00+00:00,0.0001
2026-08-17T08:00:00+00:00,0.0001
2026-08-17T16:00:00+00:00,0.0001
2026-08-18T00:00:00+00:00,-0.0001
2026-08-18T08:00:00+00:00,-0.0001
2026-08-18T16:00:00+00:00,-0.0001
2026-08-19T00:00:00+00:00,-0.0001
2026-08-19T08:00:00+00:00,-0.0001
2026-08-19T16:00:00+00:00,-0.0001
2026-08-20T00:00:00+00:00,-0.0001
2026-08-20T08:00:00+00:00,-0.0001
2026-08-20T16:00:00+00:00,-0.0001
2026-08-21T00:00:00+00:00,-0.0001
2026-08-21T08:00:00+00:00,-0.0001
2026-08-21T16:00:00+00:00,-0.0001
2026-08-22T00:00:00+00:00,-0.0001
2026-08-22T08:00:00+00:00,0.0001
2026-08-22T16:00:00+00:00,0.0001
2026-08-23T00:00:00+00:00,0.0001
2026-08-23T08:00:00+00:00,0.0001
2026-08-23T16:00:00+00:00,0.0001
2026-08-24T00:00:00+00:00,0.0001
2026-08-24T08:00:00+00:00,0.0001
2026-08-24T16:00:00+00:00,0.0001
2026-08-25T00:00:00+00:00,0.0001
2026-08-25T08:00:00+00:00,0.0001
2026-08-25T16:00:00+00:00,0.0001
2026-08-26T00:00:00+00:00,0.0001
2026-08-26T08:00:00+00:00,0.0001
2026-08-26T16:00:00+00:00,0.0001
2026-08-27T00:00:00+00:00,0.0001
2026-08-27T08:00:00+00:00,0.0001
2026-08-27T16:00:00+00:00,-0.0001
2026-08-28T00:00:00+00:00,-0.0001
2026-08-28T08:00:00+00:00,-0.0001
2026-08-28T16:00:00+00:00,0.0001
2026-08-29T00:00:00+00:00,0.0001
2026-08-29T08:00:00+00:00,0.0001
2026-08-29T16:00:00+00:00,-0.0001
2026-08-30T00:00:00+00:00,-0.0001
2026-08-30T08:00:00+00:00,-0.0001
2026-08-30T16:00:00+00:00,-0.0001
2026-08-31T00:00:00+00:00,-0.0001
2026-08-31T08:00:00+00:00,-0.0001
2026-08-31T16:00:00+00:00,-0.0001
2026-09-01T00:00:00+00:00,-0.0001
2026-09-01T08:00:00+00:00,-0.0001
2026-09-01T16:00:00+00:00,-0.0001
2026-09-02T00:00:00+00:00,-0.0001
2026-09-02T08:00:00+00:00,-0.0001
2026-09-02T16:00:00+00:00,-0.0001
2026-09-03T00:00:00+00:00,-0.0001
2026-09-03T08:00:00+00:00,-0.0001
2026-09-03T16:00:00+00:00,0.0001
2026-09-04T00:00:00+00:00,0.0001
2026-09-04T08:00:00+00:00,0.0001
2026-09-04T16:00:00+00:00,0.0001
2026-09-05T00:00:00+00:00,-0.0001
2026-09-05T08:00:00+00:00,-0.0001
2026-09-05T16:00:00+00:00,-0.0001
2026-09-06T00:00:00+00:00,-0.0001
2026-09-06T08:00:00+00:00,-0.0001
2026-09-06T16:00:00+00:00,-0.0001
2026-09-07T00:00:00+00:00,-0.0001
2026-09-07T08:00:00+00:00,-0.0001
2026-09-07T16:00:00+00:00,-0.0001
2026-09-08T00:00:00+00:00,-0.0001
2026-09-08T08:00:00+00:00,-0.0001
2026-09-08T16:00:00+00:00,-0.0001
2026-09-09T00:00:00+00:00,-0.0001
2026-09-09T08:00:00+00:00,0.0001
2026-09-09T16:00:00+00:00,0.0001
2026-09-10T00:00:00+00:00,0.0001
2026-09-10T08:00:00+00:00,0.0001
2026-09-10T16:00:00+00:00,-0.0001
2026-09-11T00:00:00+00:00,-0.0001
2026-09-11T08:00:00+00:00,-0.0001
2026-09-11T16:00:00+00:00,-0.0001
2026-09-12T00:00:00+00:00,0.0001
2026-09-12T08:00:00+00:00,0.0001
2026-09-12T16:00:00+00:00,0.0001
2026-09-13T00:00:00+00:00,0.0001
2026-09-13T08:00:00+00:00,0.0001
2026-09-13T16:00:00+00:00,0.0001
2026-09-14T00:00:00+00:00,0.0001
2026-09-14T08:00:00+00:00,0.0001
2026-09-14T16:00:00+00:00,-0.0001
2026-09-15T00:00:00+00:00,-0.0001
2026-09-15T08:00:00+00:00,-0.0001
2026-09-15T16:00:00+00:00,0.0001
2026-09-16T00:00:00+00:00,0.0001
2026-09-16T08:00:00+00:00,0.0001
2026-09-16T16:00:00+00:00,0.0001
2026-09-17T00:00:00+00:00,0.0001
2026-09-17T08:00:00+00:00,0.0001
2026-09-17T16:00:00+00:00,-0.0001
2026-09-18T00:00:00+00:00,-0.0001
2026-09-18T08:00:00+00:00,-0.0001
2026-09-18T16:00:00+00:00,-0.0001
2026-09-19T00:00:00+00:00,-0.0001
2026-09-19T08:00:00+00:00,-0.0001
2026-09-19T16:00:00+00:00,-0.0001
2026-09-20T00:00:00+00:00,-0.0001
2026-09-20T08:00:00+00:00,0.0001
2026-09-20T16:00:00+00:00,0.0001
2026-09-21T00:00:00+00:00,0.0001
2026-09-21T08:00:00+00:00,0.0001
2026-09-21T16:00:00+00:00,0.0001
2026-09-22T00:00:00+00:00,-0.0001
2026-09-22T08:00:00+00:00,-0.0001
2026-09-22T16:00:00+00:00,-0.0001
2026-09-23T00:00:00+00:00,-0.0001
2026-09-23T08:00:00+00:00,-0.0001
2026-09-23T16:00:00+00:00,-0.0001
2026-09-24T00:00:00+00:00,0.0001
2026-09-24T08:00:00+00:00,0.0001
2026-09-24T16:00:00+00:00,0.0001
2026-09-25T00:00:00+00:00,0.0001
2026-09-25T08:00:00+00:00,0.0001
2026-09-25T16:00:00+00:00,0.0001
2026-09-26T00:00:00+00:00,0.0001
2026-09-26T08:00:00+00:00,0.0001
2026-09-26T16:00:00+00:00,0.0001
2026-09-27T00:00:00+00:00,0.0001
2026-09-27T08:00:00+00:00,0.0001
2026-09-27T16:00:00+00:00,0.0001
