scope,symbol,session,CANDIDATE_N,TRIGGER_INPUT,TRIGGER_PASS,CONFIRMATION_INPUT,CONFIRMATION_PASS,GEOMETRY_VALID,ENTRY_AVAILABLE,1R,2R,3R,4R,5R,natural_target_median_R,management_expectancy_R,STARVED_vs_cell_floor
CELL,EURUSD,ASIAN_LONDON,3830,3830,79,79,3,2,2,1,1,1,1,0,0.992243,-0.0730113636363734,YES
CELL,EURUSD,LONDON_NEWYORK,3830,3830,43,43,5,3,3,1,1,0,0,0,0.666516,-0.14288529345610482,YES
CELL,GBPUSD,ASIAN_LONDON,3828,3828,61,61,12,6,6,2,2,2,0,0,1.081318,-0.49874573422886725,YES
CELL,GBPUSD,LONDON_NEWYORK,3828,3828,41,41,5,4,4,2,0,0,0,0,0.884337,0.2526927855458294,YES
CELL,USDJPY,ASIAN_LONDON,3830,3830,50,50,1,1,1,1,1,1,1,0,1.631136,1.4527629573171443,YES
CELL,USDJPY,LONDON_NEWYORK,3830,3830,45,45,8,6,5,2,1,1,0,0,1.276923,-0.29899274867205483,YES
CELL,XAUUSD,ASIAN_LONDON,1919,1919,52,52,9,7,7,3,2,2,0,0,1.854023,-0.37654624095105216,YES
CELL,XAUUSD,LONDON_NEWYORK,1919,1919,70,70,8,7,7,3,2,2,0,0,0.678571,-0.08702427977000607,YES
SYMBOL,EURUSD,ALL,7660,7660,122,122,8,5,5,2,2,1,1,0,0.980682,-0.11493572152821226,YES
SYMBOL,GBPUSD,ALL,7656,7656,102,102,17,10,10,4,2,2,0,0,0.884337,-0.19817032631898862,YES
SYMBOL,USDJPY,ALL,7660,7660,95,95,9,7,6,3,2,2,1,0,1.454029,-0.007033464340521656,YES
SYMBOL,XAUUSD,ALL,3838,3838,122,122,17,14,14,6,4,4,0,0,1.446635,-0.23178526036052913,YES
SESSION,ALL,ASIAN_LONDON,13407,13407,242,242,25,16,16,7,6,6,2,0,1.525476,-0.2700973663741356,YES
SESSION,ALL,LONDON_NEWYORK,13407,13407,199,199,26,20,19,8,4,3,0,0,0.874057,-0.08010623368080598,YES
POOLED,ALL,ALL,26814,26814,441,441,51,36,35,15,10,9,2,0,1.003804,-0.1669593229120424,NO
