YEAR,SYMBOLS_COVERED,OPPORTUNITY_N,DIRECTION_DECIDABLE_N,DIRECTIONAL_N,TRIGGER_N,CONFIRMATION_N,GEOMETRY_VALID_N,ENTRY_N,entry_yield_per_1000,1R,2R,3R,4R,5R,natural_target_median_R
2000,3,432,0,0,0,0,0,0,0.0,None,None,None,None,None,None
2001,3,1326,38,0,0,0,0,0,0.0,None,None,None,None,None,None
2002,3,1320,88,4,0,0,0,0,0.0,None,None,None,None,None,None
2003,3,1322,310,14,4,0,0,0,0.0,None,None,None,None,None,None
2004,3,1332,486,44,13,0,0,0,0.0,None,None,None,None,None,None
2005,3,1320,212,24,9,0,0,0,0.0,None,None,None,None,None,None
2006,3,1320,231,22,7,1,1,0,0.0,None,None,None,None,None,None
2007,3,1326,178,8,4,0,0,0,0.0,None,None,None,None,None,None
2008,3,1332,380,44,14,1,1,1,0.750751,1.0,1.0,1.0,0.0,0.0,0.025424
2009,4,1624,1096,130,34,2,2,2,1.231527,1.0,0.5,0.5,0.0,0.0,2.260478
2010,4,1760,1072,137,52,8,6,6,3.409091,0.666667,0.5,0.5,0.166667,0.0,0.93765
2011,4,1768,894,108,32,5,5,5,2.828054,0.4,0.2,0.2,0.0,0.0,0.678571
2012,4,1776,1278,143,45,3,2,2,1.126126,0.0,0.0,0.0,0.0,0.0,5.311129
2013,4,1768,1268,150,42,4,3,3,1.696833,0.666667,0.333333,0.333333,0.333333,0.0,2.354324
2014,4,1776,1252,131,52,6,6,6,3.378378,0.166667,0.166667,0.166667,0.0,0.0,2.206234
2015,4,1776,1262,156,57,10,5,5,2.815315,0.4,0.2,0.0,0.0,0.0,0.742818
2016,4,1768,1262,116,34,5,2,2,1.131222,0.5,0.5,0.5,0.0,0.0,0.106614
2017,4,1768,1270,151,42,6,3,3,1.696833,0.0,0.0,0.0,0.0,0.0,1.276923
