key,OPPORTUNITY_N,SESSION_EVENT_N,SWEEP_OR_BREAKOUT_N,RECLAIM_OR_RETEST_N,STRUCTURE_CONFIRM_N,ENTRY_AVAILABLE_N,GEOMETRY_VALID_N,TRADE_COMPLETED_N,entry_yield_per_1000_opportunities,natural_target_R_median,target_reached_rate,1R,2R,3R,4R,5R
2000,432,0,0,0,0,0,0,0,0.0,,,,,,,
2001,1326,41,39,18,7,7,7,7,5.279035,2.0,0.571429,0.714286,0.571429,0.142857,0.0,0.0
2002,1320,68,68,36,13,13,13,13,9.848485,2.621667,0.307692,0.538462,0.461538,0.307692,0.230769,0.153846
2003,1322,261,251,135,46,46,45,45,34.795764,1.052632,0.533333,0.533333,0.311111,0.222222,0.133333,0.066667
2004,1332,428,406,220,77,77,75,75,57.807808,1.642857,0.4,0.48,0.253333,0.173333,0.12,0.08
2005,1320,180,169,84,27,27,25,25,20.454545,2.0,0.44,0.52,0.2,0.2,0.12,0.12
2006,1320,187,178,105,41,41,39,39,31.060606,1.916667,0.358974,0.461538,0.435897,0.282051,0.179487,0.128205
2007,1326,147,141,83,25,25,24,24,18.853695,1.366667,0.458333,0.541667,0.25,0.166667,0.125,0.125
2008,1332,335,324,169,57,57,56,56,42.792793,1.527031,0.482143,0.660714,0.428571,0.339286,0.214286,0.160714
2009,1624,996,968,515,186,186,177,177,114.53202,1.27027,0.508475,0.559322,0.322034,0.259887,0.20339,0.152542
2010,1760,997,972,518,195,195,180,180,110.795455,1.196856,0.477778,0.533333,0.344444,0.261111,0.194444,0.127778
2011,1768,816,800,456,168,168,159,159,95.022624,1.166667,0.503145,0.477987,0.320755,0.220126,0.163522,0.138365
2012,1776,1199,1188,587,224,224,209,209,126.126126,1.130178,0.464115,0.478469,0.282297,0.167464,0.100478,0.076555
2013,1768,1137,1129,563,214,214,200,200,121.040724,1.175671,0.46,0.48,0.315,0.22,0.18,0.13
2014,1776,1137,1117,534,174,174,158,158,97.972973,1.211907,0.436709,0.537975,0.35443,0.234177,0.151899,0.101266
2015,1776,1172,1158,541,198,198,179,179,111.486486,1.081871,0.513966,0.553073,0.374302,0.240223,0.178771,0.100559
2016,1768,1110,1102,556,214,214,194,194,121.040724,1.417666,0.417526,0.510309,0.309278,0.195876,0.134021,0.097938
2017,1768,1173,1161,610,212,212,194,194,119.909502,1.296378,0.484536,0.494845,0.376289,0.262887,0.164948,0.139175
