segment_id,branch,symbol,session,stage,stage_index,structurally_possible,stage_input_count,stage_retained_count,stage_retained_pct,data_invalid_count,ambiguity_count,signals,geometry_valid,fills,unfilled,expired,open_at_end,closed_trades,wins,losses,breakeven,win_rate,win_ci95_low,win_ci95_high,conditional_downstream_gross_expectancy_r,conditional_downstream_net_expectancy_r,conditional_downstream_gross_pf,conditional_downstream_gross_pf_status,conditional_downstream_net_pf,conditional_downstream_net_pf_status,conditional_downstream_gross_r,conditional_downstream_net_r,friction_r,average_cost_r,win_rate_lift_pp,conditional_net_expectancy_shift_r
SESSION_TRADE_V2|EURUSD|ASIAN_LONDON|A_SWEEP_REENTRY,A_SWEEP_REENTRY,EURUSD,ASIAN_LONDON,CONTEXT,0,true,242,171,70.6612,71,0,128,68,68,0,0,0,68,11,57,0,0.161765,0.092801,0.2669,-0.167609,-0.36504,0.800046,DEFINED,0.634603,DEFINED,-11.397399,-24.822749,13.42535,0.197432,,
SESSION_TRADE_V2|EURUSD|ASIAN_LONDON|A_SWEEP_REENTRY,A_SWEEP_REENTRY,EURUSD,ASIAN_LONDON,LOCATION,1,true,171,160,93.5673,0,0,128,68,68,0,0,0,68,11,57,0,0.161765,0.092801,0.2669,-0.167609,-0.36504,0.800046,DEFINED,0.634603,DEFINED,-11.397399,-24.822749,13.42535,0.197432,0.0,0.0
SESSION_TRADE_V2|EURUSD|ASIAN_LONDON|A_SWEEP_REENTRY,A_SWEEP_REENTRY,EURUSD,ASIAN_LONDON,TRIGGER,2,true,160,128,80.0,0,0,128,68,68,0,0,0,68,11,57,0,0.161765,0.092801,0.2669,-0.167609,-0.36504,0.800046,DEFINED,0.634603,DEFINED,-11.397399,-24.822749,13.42535,0.197432,0.0,0.0
SESSION_TRADE_V2|EURUSD|ASIAN_LONDON|A_SWEEP_REENTRY,A_SWEEP_REENTRY,EURUSD,ASIAN_LONDON,GEOMETRY,3,true,128,68,53.125,0,0,68,68,68,0,0,0,68,11,57,0,0.161765,0.092801,0.2669,-0.167609,-0.36504,0.800046,DEFINED,0.634603,DEFINED,-11.397399,-24.822749,13.42535,0.197432,0.0,0.0
SESSION_TRADE_V2|EURUSD|ASIAN_LONDON|A_SWEEP_REENTRY,A_SWEEP_REENTRY,EURUSD,ASIAN_LONDON,EXECUTION,4,true,68,68,100.0,0,1,68,68,68,0,0,0,68,11,57,0,0.161765,0.092801,0.2669,-0.167609,-0.36504,0.800046,DEFINED,0.634603,DEFINED,-11.397399,-24.822749,13.42535,0.197432,0.0,0.0
SESSION_TRADE_V2|EURUSD|LONDON_NEWYORK|A_SWEEP_REENTRY,A_SWEEP_REENTRY,EURUSD,LONDON_NEWYORK,CONTEXT,0,true,242,173,71.4876,69,0,105,72,72,0,0,0,72,18,54,0,0.25,0.164391,0.360935,0.21557,0.086681,1.287427,DEFINED,1.102759,DEFINED,15.521041,6.24103,9.28001,0.128889,,
SESSION_TRADE_V2|EURUSD|LONDON_NEWYORK|A_SWEEP_REENTRY,A_SWEEP_REENTRY,EURUSD,LONDON_NEWYORK,LOCATION,1,true,173,135,78.0347,0,0,105,72,72,0,0,0,72,18,54,0,0.25,0.164391,0.360935,0.21557,0.086681,1.287427,DEFINED,1.102759,DEFINED,15.521041,6.24103,9.28001,0.128889,0.0,0.0
SESSION_TRADE_V2|EURUSD|LONDON_NEWYORK|A_SWEEP_REENTRY,A_SWEEP_REENTRY,EURUSD,LONDON_NEWYORK,TRIGGER,2,true,135,105,77.7778,0,2,105,72,72,0,0,0,72,18,54,0,0.25,0.164391,0.360935,0.21557,0.086681,1.287427,DEFINED,1.102759,DEFINED,15.521041,6.24103,9.28001,0.128889,0.0,0.0
SESSION_TRADE_V2|EURUSD|LONDON_NEWYORK|A_SWEEP_REENTRY,A_SWEEP_REENTRY,EURUSD,LONDON_NEWYORK,GEOMETRY,3,true,105,72,68.5714,0,0,72,72,72,0,0,0,72,18,54,0,0.25,0.164391,0.360935,0.21557,0.086681,1.287427,DEFINED,1.102759,DEFINED,15.521041,6.24103,9.28001,0.128889,0.0,0.0
SESSION_TRADE_V2|EURUSD|LONDON_NEWYORK|A_SWEEP_REENTRY,A_SWEEP_REENTRY,EURUSD,LONDON_NEWYORK,EXECUTION,4,true,72,72,100.0,0,1,72,72,72,0,0,0,72,18,54,0,0.25,0.164391,0.360935,0.21557,0.086681,1.287427,DEFINED,1.102759,DEFINED,15.521041,6.24103,9.28001,0.128889,0.0,0.0
SESSION_TRADE_V2|GBPUSD|ASIAN_LONDON|A_SWEEP_REENTRY,A_SWEEP_REENTRY,GBPUSD,ASIAN_LONDON,CONTEXT,0,true,242,162,66.9421,80,0,123,62,62,0,0,0,62,10,52,0,0.16129,0.090041,0.272063,-0.227231,-0.395045,0.729071,DEFINED,0.597087,DEFINED,-14.088318,-24.49281,10.404491,0.167814,,
SESSION_TRADE_V2|GBPUSD|ASIAN_LONDON|A_SWEEP_REENTRY,A_SWEEP_REENTRY,GBPUSD,ASIAN_LONDON,LOCATION,1,true,162,152,93.8272,0,0,123,62,62,0,0,0,62,10,52,0,0.16129,0.090041,0.272063,-0.227231,-0.395045,0.729071,DEFINED,0.597087,DEFINED,-14.088318,-24.49281,10.404491,0.167814,0.0,0.0
SESSION_TRADE_V2|GBPUSD|ASIAN_LONDON|A_SWEEP_REENTRY,A_SWEEP_REENTRY,GBPUSD,ASIAN_LONDON,TRIGGER,2,true,152,123,80.9211,0,1,123,62,62,0,0,0,62,10,52,0,0.16129,0.090041,0.272063,-0.227231,-0.395045,0.729071,DEFINED,0.597087,DEFINED,-14.088318,-24.49281,10.404491,0.167814,0.0,0.0
SESSION_TRADE_V2|GBPUSD|ASIAN_LONDON|A_SWEEP_REENTRY,A_SWEEP_REENTRY,GBPUSD,ASIAN_LONDON,GEOMETRY,3,true,123,62,50.4065,0,0,62,62,62,0,0,0,62,10,52,0,0.16129,0.090041,0.272063,-0.227231,-0.395045,0.729071,DEFINED,0.597087,DEFINED,-14.088318,-24.49281,10.404491,0.167814,0.0,0.0
SESSION_TRADE_V2|GBPUSD|ASIAN_LONDON|A_SWEEP_REENTRY,A_SWEEP_REENTRY,GBPUSD,ASIAN_LONDON,EXECUTION,4,true,62,62,100.0,0,0,62,62,62,0,0,0,62,10,52,0,0.16129,0.090041,0.272063,-0.227231,-0.395045,0.729071,DEFINED,0.597087,DEFINED,-14.088318,-24.49281,10.404491,0.167814,0.0,0.0
SESSION_TRADE_V2|GBPUSD|LONDON_NEWYORK|A_SWEEP_REENTRY,A_SWEEP_REENTRY,GBPUSD,LONDON_NEWYORK,CONTEXT,0,true,242,173,71.4876,69,0,90,61,61,0,0,0,61,14,47,0,0.229508,0.141932,0.349134,0.105743,0.004155,1.137241,DEFINED,1.004917,DEFINED,6.450316,0.253449,6.196868,0.101588,,
SESSION_TRADE_V2|GBPUSD|LONDON_NEWYORK|A_SWEEP_REENTRY,A_SWEEP_REENTRY,GBPUSD,LONDON_NEWYORK,LOCATION,1,true,173,118,68.2081,0,0,90,61,61,0,0,0,61,14,47,0,0.229508,0.141932,0.349134,0.105743,0.004155,1.137241,DEFINED,1.004917,DEFINED,6.450316,0.253449,6.196868,0.101588,0.0,0.0
SESSION_TRADE_V2|GBPUSD|LONDON_NEWYORK|A_SWEEP_REENTRY,A_SWEEP_REENTRY,GBPUSD,LONDON_NEWYORK,TRIGGER,2,true,118,90,76.2712,0,0,90,61,61,0,0,0,61,14,47,0,0.229508,0.141932,0.349134,0.105743,0.004155,1.137241,DEFINED,1.004917,DEFINED,6.450316,0.253449,6.196868,0.101588,0.0,0.0
SESSION_TRADE_V2|GBPUSD|LONDON_NEWYORK|A_SWEEP_REENTRY,A_SWEEP_REENTRY,GBPUSD,LONDON_NEWYORK,GEOMETRY,3,true,90,61,67.7778,0,0,61,61,61,0,0,0,61,14,47,0,0.229508,0.141932,0.349134,0.105743,0.004155,1.137241,DEFINED,1.004917,DEFINED,6.450316,0.253449,6.196868,0.101588,0.0,0.0
SESSION_TRADE_V2|GBPUSD|LONDON_NEWYORK|A_SWEEP_REENTRY,A_SWEEP_REENTRY,GBPUSD,LONDON_NEWYORK,EXECUTION,4,true,61,61,100.0,0,0,61,61,61,0,0,0,61,14,47,0,0.229508,0.141932,0.349134,0.105743,0.004155,1.137241,DEFINED,1.004917,DEFINED,6.450316,0.253449,6.196868,0.101588,0.0,0.0
SESSION_TRADE_V2|USDJPY|ASIAN_LONDON|A_SWEEP_REENTRY,A_SWEEP_REENTRY,USDJPY,ASIAN_LONDON,CONTEXT,0,true,242,171,70.6612,71,0,102,80,80,0,0,0,80,12,68,0,0.15,0.08794,0.244132,-0.276648,-0.418833,0.674531,DEFINED,0.570231,DEFINED,-22.131866,-33.506646,11.37478,0.142185,,
SESSION_TRADE_V2|USDJPY|ASIAN_LONDON|A_SWEEP_REENTRY,A_SWEEP_REENTRY,USDJPY,ASIAN_LONDON,LOCATION,1,true,171,128,74.8538,0,0,102,80,80,0,0,0,80,12,68,0,0.15,0.08794,0.244132,-0.276648,-0.418833,0.674531,DEFINED,0.570231,DEFINED,-22.131866,-33.506646,11.37478,0.142185,0.0,0.0
SESSION_TRADE_V2|USDJPY|ASIAN_LONDON|A_SWEEP_REENTRY,A_SWEEP_REENTRY,USDJPY,ASIAN_LONDON,TRIGGER,2,true,128,102,79.6875,0,0,102,80,80,0,0,0,80,12,68,0,0.15,0.08794,0.244132,-0.276648,-0.418833,0.674531,DEFINED,0.570231,DEFINED,-22.131866,-33.506646,11.37478,0.142185,0.0,0.0
SESSION_TRADE_V2|USDJPY|ASIAN_LONDON|A_SWEEP_REENTRY,A_SWEEP_REENTRY,USDJPY,ASIAN_LONDON,GEOMETRY,3,true,102,80,78.4314,0,0,80,80,80,0,0,0,80,12,68,0,0.15,0.08794,0.244132,-0.276648,-0.418833,0.674531,DEFINED,0.570231,DEFINED,-22.131866,-33.506646,11.37478,0.142185,0.0,0.0
SESSION_TRADE_V2|USDJPY|ASIAN_LONDON|A_SWEEP_REENTRY,A_SWEEP_REENTRY,USDJPY,ASIAN_LONDON,EXECUTION,4,true,80,80,100.0,0,0,80,80,80,0,0,0,80,12,68,0,0.15,0.08794,0.244132,-0.276648,-0.418833,0.674531,DEFINED,0.570231,DEFINED,-22.131866,-33.506646,11.37478,0.142185,0.0,0.0
SESSION_TRADE_V2|USDJPY|LONDON_NEWYORK|A_SWEEP_REENTRY,A_SWEEP_REENTRY,USDJPY,LONDON_NEWYORK,CONTEXT,0,true,242,173,71.4876,69,0,120,87,87,0,0,0,87,22,65,0,0.252874,0.173332,0.353316,0.257647,0.108113,1.344851,DEFINED,1.125804,DEFINED,22.415329,9.405826,13.009503,0.149535,,
SESSION_TRADE_V2|USDJPY|LONDON_NEWYORK|A_SWEEP_REENTRY,A_SWEEP_REENTRY,USDJPY,LONDON_NEWYORK,LOCATION,1,true,173,146,84.3931,0,0,120,87,87,0,0,0,87,22,65,0,0.252874,0.173332,0.353316,0.257647,0.108113,1.344851,DEFINED,1.125804,DEFINED,22.415329,9.405826,13.009503,0.149535,0.0,0.0
SESSION_TRADE_V2|USDJPY|LONDON_NEWYORK|A_SWEEP_REENTRY,A_SWEEP_REENTRY,USDJPY,LONDON_NEWYORK,TRIGGER,2,true,146,120,82.1918,0,2,120,87,87,0,0,0,87,22,65,0,0.252874,0.173332,0.353316,0.257647,0.108113,1.344851,DEFINED,1.125804,DEFINED,22.415329,9.405826,13.009503,0.149535,0.0,0.0
SESSION_TRADE_V2|USDJPY|LONDON_NEWYORK|A_SWEEP_REENTRY,A_SWEEP_REENTRY,USDJPY,LONDON_NEWYORK,GEOMETRY,3,true,120,87,72.5,0,0,87,87,87,0,0,0,87,22,65,0,0.252874,0.173332,0.353316,0.257647,0.108113,1.344851,DEFINED,1.125804,DEFINED,22.415329,9.405826,13.009503,0.149535,0.0,0.0
SESSION_TRADE_V2|USDJPY|LONDON_NEWYORK|A_SWEEP_REENTRY,A_SWEEP_REENTRY,USDJPY,LONDON_NEWYORK,EXECUTION,4,true,87,87,100.0,0,0,87,87,87,0,0,0,87,22,65,0,0.252874,0.173332,0.353316,0.257647,0.108113,1.344851,DEFINED,1.125804,DEFINED,22.415329,9.405826,13.009503,0.149535,0.0,0.0
SESSION_TRADE_V2|XAUUSD|ASIAN_LONDON|A_SWEEP_REENTRY,A_SWEEP_REENTRY,XAUUSD,ASIAN_LONDON,CONTEXT,0,true,242,106,43.8017,136,0,62,50,50,0,0,0,50,10,40,0,0.2,0.112438,0.330371,0.00437,-0.388952,1.005462,DEFINED,0.653805,DEFINED,0.218497,-19.447587,19.666084,0.393322,,
SESSION_TRADE_V2|XAUUSD|ASIAN_LONDON|A_SWEEP_REENTRY,A_SWEEP_REENTRY,XAUUSD,ASIAN_LONDON,LOCATION,1,true,106,76,71.6981,0,0,62,50,50,0,0,0,50,10,40,0,0.2,0.112438,0.330371,0.00437,-0.388952,1.005462,DEFINED,0.653805,DEFINED,0.218497,-19.447587,19.666084,0.393322,0.0,0.0
SESSION_TRADE_V2|XAUUSD|ASIAN_LONDON|A_SWEEP_REENTRY,A_SWEEP_REENTRY,XAUUSD,ASIAN_LONDON,TRIGGER,2,true,76,62,81.5789,0,0,62,50,50,0,0,0,50,10,40,0,0.2,0.112438,0.330371,0.00437,-0.388952,1.005462,DEFINED,0.653805,DEFINED,0.218497,-19.447587,19.666084,0.393322,0.0,0.0
SESSION_TRADE_V2|XAUUSD|ASIAN_LONDON|A_SWEEP_REENTRY,A_SWEEP_REENTRY,XAUUSD,ASIAN_LONDON,GEOMETRY,3,true,62,50,80.6452,0,0,50,50,50,0,0,0,50,10,40,0,0.2,0.112438,0.330371,0.00437,-0.388952,1.005462,DEFINED,0.653805,DEFINED,0.218497,-19.447587,19.666084,0.393322,0.0,0.0
SESSION_TRADE_V2|XAUUSD|ASIAN_LONDON|A_SWEEP_REENTRY,A_SWEEP_REENTRY,XAUUSD,ASIAN_LONDON,EXECUTION,4,true,50,50,100.0,0,0,50,50,50,0,0,0,50,10,40,0,0.2,0.112438,0.330371,0.00437,-0.388952,1.005462,DEFINED,0.653805,DEFINED,0.218497,-19.447587,19.666084,0.393322,0.0,0.0
SESSION_TRADE_V2|XAUUSD|LONDON_NEWYORK|A_SWEEP_REENTRY,A_SWEEP_REENTRY,XAUUSD,LONDON_NEWYORK,CONTEXT,0,true,242,172,71.0744,70,0,116,62,62,0,0,0,62,19,43,0,0.306452,0.205816,0.429672,0.509727,0.082768,1.734955,DEFINED,1.083251,DEFINED,31.603074,5.131628,26.471446,0.426959,,
SESSION_TRADE_V2|XAUUSD|LONDON_NEWYORK|A_SWEEP_REENTRY,A_SWEEP_REENTRY,XAUUSD,LONDON_NEWYORK,LOCATION,1,true,172,152,88.3721,0,0,116,62,62,0,0,0,62,19,43,0,0.306452,0.205816,0.429672,0.509727,0.082768,1.734955,DEFINED,1.083251,DEFINED,31.603074,5.131628,26.471446,0.426959,0.0,0.0
SESSION_TRADE_V2|XAUUSD|LONDON_NEWYORK|A_SWEEP_REENTRY,A_SWEEP_REENTRY,XAUUSD,LONDON_NEWYORK,TRIGGER,2,true,152,116,76.3158,0,1,116,62,62,0,0,0,62,19,43,0,0.306452,0.205816,0.429672,0.509727,0.082768,1.734955,DEFINED,1.083251,DEFINED,31.603074,5.131628,26.471446,0.426959,0.0,0.0
SESSION_TRADE_V2|XAUUSD|LONDON_NEWYORK|A_SWEEP_REENTRY,A_SWEEP_REENTRY,XAUUSD,LONDON_NEWYORK,GEOMETRY,3,true,116,62,53.4483,0,0,62,62,62,0,0,0,62,19,43,0,0.306452,0.205816,0.429672,0.509727,0.082768,1.734955,DEFINED,1.083251,DEFINED,31.603074,5.131628,26.471446,0.426959,0.0,0.0
SESSION_TRADE_V2|XAUUSD|LONDON_NEWYORK|A_SWEEP_REENTRY,A_SWEEP_REENTRY,XAUUSD,LONDON_NEWYORK,EXECUTION,4,true,62,62,100.0,0,0,62,62,62,0,0,0,62,19,43,0,0.306452,0.205816,0.429672,0.509727,0.082768,1.734955,DEFINED,1.083251,DEFINED,31.603074,5.131628,26.471446,0.426959,0.0,0.0
SESSION_TRADE_V2|EURUSD|ASIAN_LONDON|B_RANGE_REJECTION,B_RANGE_REJECTION,EURUSD,ASIAN_LONDON,CONTEXT,0,true,242,171,70.6612,71,0,0,0,0,0,0,0,0,0,0,0,,,,,,,UNDEFINED_NO_CLOSED_TRADES,,UNDEFINED_NO_CLOSED_TRADES,,,,,,
SESSION_TRADE_V2|EURUSD|ASIAN_LONDON|B_RANGE_REJECTION,B_RANGE_REJECTION,EURUSD,ASIAN_LONDON,LOCATION,1,true,171,160,93.5673,0,0,0,0,0,0,0,0,0,0,0,0,,,,,,,UNDEFINED_NO_CLOSED_TRADES,,UNDEFINED_NO_CLOSED_TRADES,,,,,,
SESSION_TRADE_V2|EURUSD|ASIAN_LONDON|B_RANGE_REJECTION,B_RANGE_REJECTION,EURUSD,ASIAN_LONDON,TRIGGER,2,true,160,0,0.0,0,0,0,0,0,0,0,0,0,0,0,0,,,,,,,UNDEFINED_NO_CLOSED_TRADES,,UNDEFINED_NO_CLOSED_TRADES,,,,,,
SESSION_TRADE_V2|EURUSD|ASIAN_LONDON|B_RANGE_REJECTION,B_RANGE_REJECTION,EURUSD,ASIAN_LONDON,GEOMETRY,3,true,0,0,,0,0,0,0,0,0,0,0,0,0,0,0,,,,,,,UNDEFINED_NO_CLOSED_TRADES,,UNDEFINED_NO_CLOSED_TRADES,,,,,,
SESSION_TRADE_V2|EURUSD|ASIAN_LONDON|B_RANGE_REJECTION,B_RANGE_REJECTION,EURUSD,ASIAN_LONDON,EXECUTION,4,true,0,0,,0,0,0,0,0,0,0,0,0,0,0,0,,,,,,,UNDEFINED_NO_CLOSED_TRADES,,UNDEFINED_NO_CLOSED_TRADES,,,,,,
SESSION_TRADE_V2|EURUSD|LONDON_NEWYORK|B_RANGE_REJECTION,B_RANGE_REJECTION,EURUSD,LONDON_NEWYORK,CONTEXT,0,true,242,173,71.4876,69,0,0,0,0,0,0,0,0,0,0,0,,,,,,,UNDEFINED_NO_CLOSED_TRADES,,UNDEFINED_NO_CLOSED_TRADES,,,,,,
SESSION_TRADE_V2|EURUSD|LONDON_NEWYORK|B_RANGE_REJECTION,B_RANGE_REJECTION,EURUSD,LONDON_NEWYORK,LOCATION,1,true,173,135,78.0347,0,0,0,0,0,0,0,0,0,0,0,0,,,,,,,UNDEFINED_NO_CLOSED_TRADES,,UNDEFINED_NO_CLOSED_TRADES,,,,,,
SESSION_TRADE_V2|EURUSD|LONDON_NEWYORK|B_RANGE_REJECTION,B_RANGE_REJECTION,EURUSD,LONDON_NEWYORK,TRIGGER,2,true,135,0,0.0,0,0,0,0,0,0,0,0,0,0,0,0,,,,,,,UNDEFINED_NO_CLOSED_TRADES,,UNDEFINED_NO_CLOSED_TRADES,,,,,,
SESSION_TRADE_V2|EURUSD|LONDON_NEWYORK|B_RANGE_REJECTION,B_RANGE_REJECTION,EURUSD,LONDON_NEWYORK,GEOMETRY,3,true,0,0,,0,0,0,0,0,0,0,0,0,0,0,0,,,,,,,UNDEFINED_NO_CLOSED_TRADES,,UNDEFINED_NO_CLOSED_TRADES,,,,,,
SESSION_TRADE_V2|EURUSD|LONDON_NEWYORK|B_RANGE_REJECTION,B_RANGE_REJECTION,EURUSD,LONDON_NEWYORK,EXECUTION,4,true,0,0,,0,0,0,0,0,0,0,0,0,0,0,0,,,,,,,UNDEFINED_NO_CLOSED_TRADES,,UNDEFINED_NO_CLOSED_TRADES,,,,,,
SESSION_TRADE_V2|GBPUSD|ASIAN_LONDON|B_RANGE_REJECTION,B_RANGE_REJECTION,GBPUSD,ASIAN_LONDON,CONTEXT,0,true,242,162,66.9421,80,0,4,4,2,0,2,0,2,0,2,0,0.0,0.0,0.65762,-1.0,-1.178074,0.0,DEFINED,0.0,DEFINED,-2.0,-2.356148,0.356148,0.178074,,
SESSION_TRADE_V2|GBPUSD|ASIAN_LONDON|B_RANGE_REJECTION,B_RANGE_REJECTION,GBPUSD,ASIAN_LONDON,LOCATION,1,true,162,154,95.0617,0,0,4,4,2,0,2,0,2,0,2,0,0.0,0.0,0.65762,-1.0,-1.178074,0.0,DEFINED,0.0,DEFINED,-2.0,-2.356148,0.356148,0.178074,0.0,0.0
SESSION_TRADE_V2|GBPUSD|ASIAN_LONDON|B_RANGE_REJECTION,B_RANGE_REJECTION,GBPUSD,ASIAN_LONDON,TRIGGER,2,true,154,4,2.5974,0,0,4,4,2,0,2,0,2,0,2,0,0.0,0.0,0.65762,-1.0,-1.178074,0.0,DEFINED,0.0,DEFINED,-2.0,-2.356148,0.356148,0.178074,0.0,0.0
SESSION_TRADE_V2|GBPUSD|ASIAN_LONDON|B_RANGE_REJECTION,B_RANGE_REJECTION,GBPUSD,ASIAN_LONDON,GEOMETRY,3,true,4,4,100.0,0,0,4,4,2,0,2,0,2,0,2,0,0.0,0.0,0.65762,-1.0,-1.178074,0.0,DEFINED,0.0,DEFINED,-2.0,-2.356148,0.356148,0.178074,0.0,0.0
SESSION_TRADE_V2|GBPUSD|ASIAN_LONDON|B_RANGE_REJECTION,B_RANGE_REJECTION,GBPUSD,ASIAN_LONDON,EXECUTION,4,true,4,2,50.0,0,0,2,2,2,0,0,0,2,0,2,0,0.0,0.0,0.65762,-1.0,-1.178074,0.0,DEFINED,0.0,DEFINED,-2.0,-2.356148,0.356148,0.178074,0.0,0.0
SESSION_TRADE_V2|GBPUSD|LONDON_NEWYORK|B_RANGE_REJECTION,B_RANGE_REJECTION,GBPUSD,LONDON_NEWYORK,CONTEXT,0,true,242,173,71.4876,69,0,0,0,0,0,0,0,0,0,0,0,,,,,,,UNDEFINED_NO_CLOSED_TRADES,,UNDEFINED_NO_CLOSED_TRADES,,,,,,
SESSION_TRADE_V2|GBPUSD|LONDON_NEWYORK|B_RANGE_REJECTION,B_RANGE_REJECTION,GBPUSD,LONDON_NEWYORK,LOCATION,1,true,173,118,68.2081,0,0,0,0,0,0,0,0,0,0,0,0,,,,,,,UNDEFINED_NO_CLOSED_TRADES,,UNDEFINED_NO_CLOSED_TRADES,,,,,,
SESSION_TRADE_V2|GBPUSD|LONDON_NEWYORK|B_RANGE_REJECTION,B_RANGE_REJECTION,GBPUSD,LONDON_NEWYORK,TRIGGER,2,true,118,0,0.0,0,0,0,0,0,0,0,0,0,0,0,0,,,,,,,UNDEFINED_NO_CLOSED_TRADES,,UNDEFINED_NO_CLOSED_TRADES,,,,,,
SESSION_TRADE_V2|GBPUSD|LONDON_NEWYORK|B_RANGE_REJECTION,B_RANGE_REJECTION,GBPUSD,LONDON_NEWYORK,GEOMETRY,3,true,0,0,,0,0,0,0,0,0,0,0,0,0,0,0,,,,,,,UNDEFINED_NO_CLOSED_TRADES,,UNDEFINED_NO_CLOSED_TRADES,,,,,,
SESSION_TRADE_V2|GBPUSD|LONDON_NEWYORK|B_RANGE_REJECTION,B_RANGE_REJECTION,GBPUSD,LONDON_NEWYORK,EXECUTION,4,true,0,0,,0,0,0,0,0,0,0,0,0,0,0,0,,,,,,,UNDEFINED_NO_CLOSED_TRADES,,UNDEFINED_NO_CLOSED_TRADES,,,,,,
SESSION_TRADE_V2|USDJPY|ASIAN_LONDON|B_RANGE_REJECTION,B_RANGE_REJECTION,USDJPY,ASIAN_LONDON,CONTEXT,0,true,242,171,70.6612,71,0,0,0,0,0,0,0,0,0,0,0,,,,,,,UNDEFINED_NO_CLOSED_TRADES,,UNDEFINED_NO_CLOSED_TRADES,,,,,,
SESSION_TRADE_V2|USDJPY|ASIAN_LONDON|B_RANGE_REJECTION,B_RANGE_REJECTION,USDJPY,ASIAN_LONDON,LOCATION,1,true,171,128,74.8538,0,0,0,0,0,0,0,0,0,0,0,0,,,,,,,UNDEFINED_NO_CLOSED_TRADES,,UNDEFINED_NO_CLOSED_TRADES,,,,,,
SESSION_TRADE_V2|USDJPY|ASIAN_LONDON|B_RANGE_REJECTION,B_RANGE_REJECTION,USDJPY,ASIAN_LONDON,TRIGGER,2,true,128,0,0.0,0,0,0,0,0,0,0,0,0,0,0,0,,,,,,,UNDEFINED_NO_CLOSED_TRADES,,UNDEFINED_NO_CLOSED_TRADES,,,,,,
SESSION_TRADE_V2|USDJPY|ASIAN_LONDON|B_RANGE_REJECTION,B_RANGE_REJECTION,USDJPY,ASIAN_LONDON,GEOMETRY,3,true,0,0,,0,0,0,0,0,0,0,0,0,0,0,0,,,,,,,UNDEFINED_NO_CLOSED_TRADES,,UNDEFINED_NO_CLOSED_TRADES,,,,,,
SESSION_TRADE_V2|USDJPY|ASIAN_LONDON|B_RANGE_REJECTION,B_RANGE_REJECTION,USDJPY,ASIAN_LONDON,EXECUTION,4,true,0,0,,0,0,0,0,0,0,0,0,0,0,0,0,,,,,,,UNDEFINED_NO_CLOSED_TRADES,,UNDEFINED_NO_CLOSED_TRADES,,,,,,
SESSION_TRADE_V2|USDJPY|LONDON_NEWYORK|B_RANGE_REJECTION,B_RANGE_REJECTION,USDJPY,LONDON_NEWYORK,CONTEXT,0,true,242,173,71.4876,69,0,0,0,0,0,0,0,0,0,0,0,,,,,,,UNDEFINED_NO_CLOSED_TRADES,,UNDEFINED_NO_CLOSED_TRADES,,,,,,
SESSION_TRADE_V2|USDJPY|LONDON_NEWYORK|B_RANGE_REJECTION,B_RANGE_REJECTION,USDJPY,LONDON_NEWYORK,LOCATION,1,true,173,146,84.3931,0,0,0,0,0,0,0,0,0,0,0,0,,,,,,,UNDEFINED_NO_CLOSED_TRADES,,UNDEFINED_NO_CLOSED_TRADES,,,,,,
SESSION_TRADE_V2|USDJPY|LONDON_NEWYORK|B_RANGE_REJECTION,B_RANGE_REJECTION,USDJPY,LONDON_NEWYORK,TRIGGER,2,true,146,0,0.0,0,0,0,0,0,0,0,0,0,0,0,0,,,,,,,UNDEFINED_NO_CLOSED_TRADES,,UNDEFINED_NO_CLOSED_TRADES,,,,,,
SESSION_TRADE_V2|USDJPY|LONDON_NEWYORK|B_RANGE_REJECTION,B_RANGE_REJECTION,USDJPY,LONDON_NEWYORK,GEOMETRY,3,true,0,0,,0,0,0,0,0,0,0,0,0,0,0,0,,,,,,,UNDEFINED_NO_CLOSED_TRADES,,UNDEFINED_NO_CLOSED_TRADES,,,,,,
SESSION_TRADE_V2|USDJPY|LONDON_NEWYORK|B_RANGE_REJECTION,B_RANGE_REJECTION,USDJPY,LONDON_NEWYORK,EXECUTION,4,true,0,0,,0,0,0,0,0,0,0,0,0,0,0,0,,,,,,,UNDEFINED_NO_CLOSED_TRADES,,UNDEFINED_NO_CLOSED_TRADES,,,,,,
SESSION_TRADE_V2|XAUUSD|ASIAN_LONDON|B_RANGE_REJECTION,B_RANGE_REJECTION,XAUUSD,ASIAN_LONDON,CONTEXT,0,true,242,106,43.8017,136,0,3,3,1,0,2,0,1,0,1,0,0.0,0.0,0.793451,-1.0,-1.238882,0.0,DEFINED,0.0,DEFINED,-1.0,-1.238882,0.238882,0.238882,,
SESSION_TRADE_V2|XAUUSD|ASIAN_LONDON|B_RANGE_REJECTION,B_RANGE_REJECTION,XAUUSD,ASIAN_LONDON,LOCATION,1,true,106,78,73.5849,0,0,3,3,1,0,2,0,1,0,1,0,0.0,0.0,0.793451,-1.0,-1.238882,0.0,DEFINED,0.0,DEFINED,-1.0,-1.238882,0.238882,0.238882,0.0,0.0
SESSION_TRADE_V2|XAUUSD|ASIAN_LONDON|B_RANGE_REJECTION,B_RANGE_REJECTION,XAUUSD,ASIAN_LONDON,TRIGGER,2,true,78,3,3.8462,0,0,3,3,1,0,2,0,1,0,1,0,0.0,0.0,0.793451,-1.0,-1.238882,0.0,DEFINED,0.0,DEFINED,-1.0,-1.238882,0.238882,0.238882,0.0,0.0
SESSION_TRADE_V2|XAUUSD|ASIAN_LONDON|B_RANGE_REJECTION,B_RANGE_REJECTION,XAUUSD,ASIAN_LONDON,GEOMETRY,3,true,3,3,100.0,0,0,3,3,1,0,2,0,1,0,1,0,0.0,0.0,0.793451,-1.0,-1.238882,0.0,DEFINED,0.0,DEFINED,-1.0,-1.238882,0.238882,0.238882,0.0,0.0
SESSION_TRADE_V2|XAUUSD|ASIAN_LONDON|B_RANGE_REJECTION,B_RANGE_REJECTION,XAUUSD,ASIAN_LONDON,EXECUTION,4,true,3,1,33.3333,0,0,1,1,1,0,0,0,1,0,1,0,0.0,0.0,0.793451,-1.0,-1.238882,0.0,DEFINED,0.0,DEFINED,-1.0,-1.238882,0.238882,0.238882,0.0,0.0
SESSION_TRADE_V2|XAUUSD|LONDON_NEWYORK|B_RANGE_REJECTION,B_RANGE_REJECTION,XAUUSD,LONDON_NEWYORK,CONTEXT,0,true,242,172,71.0744,70,0,0,0,0,0,0,0,0,0,0,0,,,,,,,UNDEFINED_NO_CLOSED_TRADES,,UNDEFINED_NO_CLOSED_TRADES,,,,,,
SESSION_TRADE_V2|XAUUSD|LONDON_NEWYORK|B_RANGE_REJECTION,B_RANGE_REJECTION,XAUUSD,LONDON_NEWYORK,LOCATION,1,true,172,152,88.3721,0,0,0,0,0,0,0,0,0,0,0,0,,,,,,,UNDEFINED_NO_CLOSED_TRADES,,UNDEFINED_NO_CLOSED_TRADES,,,,,,
SESSION_TRADE_V2|XAUUSD|LONDON_NEWYORK|B_RANGE_REJECTION,B_RANGE_REJECTION,XAUUSD,LONDON_NEWYORK,TRIGGER,2,true,152,0,0.0,0,0,0,0,0,0,0,0,0,0,0,0,,,,,,,UNDEFINED_NO_CLOSED_TRADES,,UNDEFINED_NO_CLOSED_TRADES,,,,,,
SESSION_TRADE_V2|XAUUSD|LONDON_NEWYORK|B_RANGE_REJECTION,B_RANGE_REJECTION,XAUUSD,LONDON_NEWYORK,GEOMETRY,3,true,0,0,,0,0,0,0,0,0,0,0,0,0,0,0,,,,,,,UNDEFINED_NO_CLOSED_TRADES,,UNDEFINED_NO_CLOSED_TRADES,,,,,,
SESSION_TRADE_V2|XAUUSD|LONDON_NEWYORK|B_RANGE_REJECTION,B_RANGE_REJECTION,XAUUSD,LONDON_NEWYORK,EXECUTION,4,true,0,0,,0,0,0,0,0,0,0,0,0,0,0,0,,,,,,,UNDEFINED_NO_CLOSED_TRADES,,UNDEFINED_NO_CLOSED_TRADES,,,,,,
SESSION_TRADE_V2|EURUSD|ASIAN_LONDON|C_TREND_EXPANSION,C_TREND_EXPANSION,EURUSD,ASIAN_LONDON,CONTEXT,0,true,242,171,70.6612,71,0,30,30,0,0,30,0,0,0,0,0,,,,,,,UNDEFINED_NO_CLOSED_TRADES,,UNDEFINED_NO_CLOSED_TRADES,,,,,,
SESSION_TRADE_V2|EURUSD|ASIAN_LONDON|C_TREND_EXPANSION,C_TREND_EXPANSION,EURUSD,ASIAN_LONDON,LOCATION,1,true,171,160,93.5673,0,0,30,30,0,0,30,0,0,0,0,0,,,,,,,UNDEFINED_NO_CLOSED_TRADES,,UNDEFINED_NO_CLOSED_TRADES,,,,,,
SESSION_TRADE_V2|EURUSD|ASIAN_LONDON|C_TREND_EXPANSION,C_TREND_EXPANSION,EURUSD,ASIAN_LONDON,TRIGGER,2,true,160,30,18.75,0,0,30,30,0,0,30,0,0,0,0,0,,,,,,,UNDEFINED_NO_CLOSED_TRADES,,UNDEFINED_NO_CLOSED_TRADES,,,,,,
SESSION_TRADE_V2|EURUSD|ASIAN_LONDON|C_TREND_EXPANSION,C_TREND_EXPANSION,EURUSD,ASIAN_LONDON,GEOMETRY,3,true,30,30,100.0,0,0,30,30,0,0,30,0,0,0,0,0,,,,,,,UNDEFINED_NO_CLOSED_TRADES,,UNDEFINED_NO_CLOSED_TRADES,,,,,,
SESSION_TRADE_V2|EURUSD|ASIAN_LONDON|C_TREND_EXPANSION,C_TREND_EXPANSION,EURUSD,ASIAN_LONDON,EXECUTION,4,true,30,0,0.0,0,0,0,0,0,0,0,0,0,0,0,0,,,,,,,UNDEFINED_NO_CLOSED_TRADES,,UNDEFINED_NO_CLOSED_TRADES,,,,,,
SESSION_TRADE_V2|EURUSD|LONDON_NEWYORK|C_TREND_EXPANSION,C_TREND_EXPANSION,EURUSD,LONDON_NEWYORK,CONTEXT,0,true,242,173,71.4876,69,0,24,24,0,0,24,0,0,0,0,0,,,,,,,UNDEFINED_NO_CLOSED_TRADES,,UNDEFINED_NO_CLOSED_TRADES,,,,,,
SESSION_TRADE_V2|EURUSD|LONDON_NEWYORK|C_TREND_EXPANSION,C_TREND_EXPANSION,EURUSD,LONDON_NEWYORK,LOCATION,1,true,173,135,78.0347,0,0,24,24,0,0,24,0,0,0,0,0,,,,,,,UNDEFINED_NO_CLOSED_TRADES,,UNDEFINED_NO_CLOSED_TRADES,,,,,,
SESSION_TRADE_V2|EURUSD|LONDON_NEWYORK|C_TREND_EXPANSION,C_TREND_EXPANSION,EURUSD,LONDON_NEWYORK,TRIGGER,2,true,135,24,17.7778,0,0,24,24,0,0,24,0,0,0,0,0,,,,,,,UNDEFINED_NO_CLOSED_TRADES,,UNDEFINED_NO_CLOSED_TRADES,,,,,,
SESSION_TRADE_V2|EURUSD|LONDON_NEWYORK|C_TREND_EXPANSION,C_TREND_EXPANSION,EURUSD,LONDON_NEWYORK,GEOMETRY,3,true,24,24,100.0,0,0,24,24,0,0,24,0,0,0,0,0,,,,,,,UNDEFINED_NO_CLOSED_TRADES,,UNDEFINED_NO_CLOSED_TRADES,,,,,,
SESSION_TRADE_V2|EURUSD|LONDON_NEWYORK|C_TREND_EXPANSION,C_TREND_EXPANSION,EURUSD,LONDON_NEWYORK,EXECUTION,4,true,24,0,0.0,0,0,0,0,0,0,0,0,0,0,0,0,,,,,,,UNDEFINED_NO_CLOSED_TRADES,,UNDEFINED_NO_CLOSED_TRADES,,,,,,
SESSION_TRADE_V2|GBPUSD|ASIAN_LONDON|C_TREND_EXPANSION,C_TREND_EXPANSION,GBPUSD,ASIAN_LONDON,CONTEXT,0,true,242,162,66.9421,80,0,23,23,0,0,23,0,0,0,0,0,,,,,,,UNDEFINED_NO_CLOSED_TRADES,,UNDEFINED_NO_CLOSED_TRADES,,,,,,
SESSION_TRADE_V2|GBPUSD|ASIAN_LONDON|C_TREND_EXPANSION,C_TREND_EXPANSION,GBPUSD,ASIAN_LONDON,LOCATION,1,true,162,152,93.8272,0,0,23,23,0,0,23,0,0,0,0,0,,,,,,,UNDEFINED_NO_CLOSED_TRADES,,UNDEFINED_NO_CLOSED_TRADES,,,,,,
SESSION_TRADE_V2|GBPUSD|ASIAN_LONDON|C_TREND_EXPANSION,C_TREND_EXPANSION,GBPUSD,ASIAN_LONDON,TRIGGER,2,true,152,23,15.1316,0,0,23,23,0,0,23,0,0,0,0,0,,,,,,,UNDEFINED_NO_CLOSED_TRADES,,UNDEFINED_NO_CLOSED_TRADES,,,,,,
SESSION_TRADE_V2|GBPUSD|ASIAN_LONDON|C_TREND_EXPANSION,C_TREND_EXPANSION,GBPUSD,ASIAN_LONDON,GEOMETRY,3,true,23,23,100.0,0,0,23,23,0,0,23,0,0,0,0,0,,,,,,,UNDEFINED_NO_CLOSED_TRADES,,UNDEFINED_NO_CLOSED_TRADES,,,,,,
SESSION_TRADE_V2|GBPUSD|ASIAN_LONDON|C_TREND_EXPANSION,C_TREND_EXPANSION,GBPUSD,ASIAN_LONDON,EXECUTION,4,true,23,0,0.0,0,0,0,0,0,0,0,0,0,0,0,0,,,,,,,UNDEFINED_NO_CLOSED_TRADES,,UNDEFINED_NO_CLOSED_TRADES,,,,,,
SESSION_TRADE_V2|GBPUSD|LONDON_NEWYORK|C_TREND_EXPANSION,C_TREND_EXPANSION,GBPUSD,LONDON_NEWYORK,CONTEXT,0,true,242,173,71.4876,69,0,27,27,1,0,26,0,1,1,0,0,1.0,0.206549,1.0,4.25,4.051527,,INFINITE_NO_LOSING_TRADES,,INFINITE_NO_LOSING_TRADES,4.25,4.051527,0.198473,0.198473,,
SESSION_TRADE_V2|GBPUSD|LONDON_NEWYORK|C_TREND_EXPANSION,C_TREND_EXPANSION,GBPUSD,LONDON_NEWYORK,LOCATION,1,true,173,118,68.2081,0,0,27,27,1,0,26,0,1,1,0,0,1.0,0.206549,1.0,4.25,4.051527,,INFINITE_NO_LOSING_TRADES,,INFINITE_NO_LOSING_TRADES,4.25,4.051527,0.198473,0.198473,0.0,0.0
SESSION_TRADE_V2|GBPUSD|LONDON_NEWYORK|C_TREND_EXPANSION,C_TREND_EXPANSION,GBPUSD,LONDON_NEWYORK,TRIGGER,2,true,118,27,22.8814,0,0,27,27,1,0,26,0,1,1,0,0,1.0,0.206549,1.0,4.25,4.051527,,INFINITE_NO_LOSING_TRADES,,INFINITE_NO_LOSING_TRADES,4.25,4.051527,0.198473,0.198473,0.0,0.0
SESSION_TRADE_V2|GBPUSD|LONDON_NEWYORK|C_TREND_EXPANSION,C_TREND_EXPANSION,GBPUSD,LONDON_NEWYORK,GEOMETRY,3,true,27,27,100.0,0,0,27,27,1,0,26,0,1,1,0,0,1.0,0.206549,1.0,4.25,4.051527,,INFINITE_NO_LOSING_TRADES,,INFINITE_NO_LOSING_TRADES,4.25,4.051527,0.198473,0.198473,0.0,0.0
SESSION_TRADE_V2|GBPUSD|LONDON_NEWYORK|C_TREND_EXPANSION,C_TREND_EXPANSION,GBPUSD,LONDON_NEWYORK,EXECUTION,4,true,27,1,3.7037,0,1,1,1,1,0,0,0,1,1,0,0,1.0,0.206549,1.0,4.25,4.051527,,INFINITE_NO_LOSING_TRADES,,INFINITE_NO_LOSING_TRADES,4.25,4.051527,0.198473,0.198473,0.0,0.0
SESSION_TRADE_V2|USDJPY|ASIAN_LONDON|C_TREND_EXPANSION,C_TREND_EXPANSION,USDJPY,ASIAN_LONDON,CONTEXT,0,true,242,171,70.6612,71,0,25,25,0,0,25,0,0,0,0,0,,,,,,,UNDEFINED_NO_CLOSED_TRADES,,UNDEFINED_NO_CLOSED_TRADES,,,,,,
SESSION_TRADE_V2|USDJPY|ASIAN_LONDON|C_TREND_EXPANSION,C_TREND_EXPANSION,USDJPY,ASIAN_LONDON,LOCATION,1,true,171,128,74.8538,0,0,25,25,0,0,25,0,0,0,0,0,,,,,,,UNDEFINED_NO_CLOSED_TRADES,,UNDEFINED_NO_CLOSED_TRADES,,,,,,
SESSION_TRADE_V2|USDJPY|ASIAN_LONDON|C_TREND_EXPANSION,C_TREND_EXPANSION,USDJPY,ASIAN_LONDON,TRIGGER,2,true,128,25,19.5312,0,0,25,25,0,0,25,0,0,0,0,0,,,,,,,UNDEFINED_NO_CLOSED_TRADES,,UNDEFINED_NO_CLOSED_TRADES,,,,,,
SESSION_TRADE_V2|USDJPY|ASIAN_LONDON|C_TREND_EXPANSION,C_TREND_EXPANSION,USDJPY,ASIAN_LONDON,GEOMETRY,3,true,25,25,100.0,0,0,25,25,0,0,25,0,0,0,0,0,,,,,,,UNDEFINED_NO_CLOSED_TRADES,,UNDEFINED_NO_CLOSED_TRADES,,,,,,
SESSION_TRADE_V2|USDJPY|ASIAN_LONDON|C_TREND_EXPANSION,C_TREND_EXPANSION,USDJPY,ASIAN_LONDON,EXECUTION,4,true,25,0,0.0,0,0,0,0,0,0,0,0,0,0,0,0,,,,,,,UNDEFINED_NO_CLOSED_TRADES,,UNDEFINED_NO_CLOSED_TRADES,,,,,,
SESSION_TRADE_V2|USDJPY|LONDON_NEWYORK|C_TREND_EXPANSION,C_TREND_EXPANSION,USDJPY,LONDON_NEWYORK,CONTEXT,0,true,242,173,71.4876,69,0,23,23,0,0,23,0,0,0,0,0,,,,,,,UNDEFINED_NO_CLOSED_TRADES,,UNDEFINED_NO_CLOSED_TRADES,,,,,,
SESSION_TRADE_V2|USDJPY|LONDON_NEWYORK|C_TREND_EXPANSION,C_TREND_EXPANSION,USDJPY,LONDON_NEWYORK,LOCATION,1,true,173,146,84.3931,0,0,23,23,0,0,23,0,0,0,0,0,,,,,,,UNDEFINED_NO_CLOSED_TRADES,,UNDEFINED_NO_CLOSED_TRADES,,,,,,
SESSION_TRADE_V2|USDJPY|LONDON_NEWYORK|C_TREND_EXPANSION,C_TREND_EXPANSION,USDJPY,LONDON_NEWYORK,TRIGGER,2,true,146,23,15.7534,0,0,23,23,0,0,23,0,0,0,0,0,,,,,,,UNDEFINED_NO_CLOSED_TRADES,,UNDEFINED_NO_CLOSED_TRADES,,,,,,
SESSION_TRADE_V2|USDJPY|LONDON_NEWYORK|C_TREND_EXPANSION,C_TREND_EXPANSION,USDJPY,LONDON_NEWYORK,GEOMETRY,3,true,23,23,100.0,0,0,23,23,0,0,23,0,0,0,0,0,,,,,,,UNDEFINED_NO_CLOSED_TRADES,,UNDEFINED_NO_CLOSED_TRADES,,,,,,
SESSION_TRADE_V2|USDJPY|LONDON_NEWYORK|C_TREND_EXPANSION,C_TREND_EXPANSION,USDJPY,LONDON_NEWYORK,EXECUTION,4,true,23,0,0.0,0,0,0,0,0,0,0,0,0,0,0,0,,,,,,,UNDEFINED_NO_CLOSED_TRADES,,UNDEFINED_NO_CLOSED_TRADES,,,,,,
SESSION_TRADE_V2|XAUUSD|ASIAN_LONDON|C_TREND_EXPANSION,C_TREND_EXPANSION,XAUUSD,ASIAN_LONDON,CONTEXT,0,true,242,106,43.8017,136,0,12,12,0,0,12,0,0,0,0,0,,,,,,,UNDEFINED_NO_CLOSED_TRADES,,UNDEFINED_NO_CLOSED_TRADES,,,,,,
SESSION_TRADE_V2|XAUUSD|ASIAN_LONDON|C_TREND_EXPANSION,C_TREND_EXPANSION,XAUUSD,ASIAN_LONDON,LOCATION,1,true,106,76,71.6981,0,0,12,12,0,0,12,0,0,0,0,0,,,,,,,UNDEFINED_NO_CLOSED_TRADES,,UNDEFINED_NO_CLOSED_TRADES,,,,,,
SESSION_TRADE_V2|XAUUSD|ASIAN_LONDON|C_TREND_EXPANSION,C_TREND_EXPANSION,XAUUSD,ASIAN_LONDON,TRIGGER,2,true,76,12,15.7895,0,0,12,12,0,0,12,0,0,0,0,0,,,,,,,UNDEFINED_NO_CLOSED_TRADES,,UNDEFINED_NO_CLOSED_TRADES,,,,,,
SESSION_TRADE_V2|XAUUSD|ASIAN_LONDON|C_TREND_EXPANSION,C_TREND_EXPANSION,XAUUSD,ASIAN_LONDON,GEOMETRY,3,true,12,12,100.0,0,0,12,12,0,0,12,0,0,0,0,0,,,,,,,UNDEFINED_NO_CLOSED_TRADES,,UNDEFINED_NO_CLOSED_TRADES,,,,,,
SESSION_TRADE_V2|XAUUSD|ASIAN_LONDON|C_TREND_EXPANSION,C_TREND_EXPANSION,XAUUSD,ASIAN_LONDON,EXECUTION,4,true,12,0,0.0,0,0,0,0,0,0,0,0,0,0,0,0,,,,,,,UNDEFINED_NO_CLOSED_TRADES,,UNDEFINED_NO_CLOSED_TRADES,,,,,,
SESSION_TRADE_V2|XAUUSD|LONDON_NEWYORK|C_TREND_EXPANSION,C_TREND_EXPANSION,XAUUSD,LONDON_NEWYORK,CONTEXT,0,true,242,172,71.0744,70,0,32,32,0,0,32,0,0,0,0,0,,,,,,,UNDEFINED_NO_CLOSED_TRADES,,UNDEFINED_NO_CLOSED_TRADES,,,,,,
SESSION_TRADE_V2|XAUUSD|LONDON_NEWYORK|C_TREND_EXPANSION,C_TREND_EXPANSION,XAUUSD,LONDON_NEWYORK,LOCATION,1,true,172,152,88.3721,0,0,32,32,0,0,32,0,0,0,0,0,,,,,,,UNDEFINED_NO_CLOSED_TRADES,,UNDEFINED_NO_CLOSED_TRADES,,,,,,
SESSION_TRADE_V2|XAUUSD|LONDON_NEWYORK|C_TREND_EXPANSION,C_TREND_EXPANSION,XAUUSD,LONDON_NEWYORK,TRIGGER,2,true,152,32,21.0526,0,0,32,32,0,0,32,0,0,0,0,0,,,,,,,UNDEFINED_NO_CLOSED_TRADES,,UNDEFINED_NO_CLOSED_TRADES,,,,,,
SESSION_TRADE_V2|XAUUSD|LONDON_NEWYORK|C_TREND_EXPANSION,C_TREND_EXPANSION,XAUUSD,LONDON_NEWYORK,GEOMETRY,3,true,32,32,100.0,0,0,32,32,0,0,32,0,0,0,0,0,,,,,,,UNDEFINED_NO_CLOSED_TRADES,,UNDEFINED_NO_CLOSED_TRADES,,,,,,
SESSION_TRADE_V2|XAUUSD|LONDON_NEWYORK|C_TREND_EXPANSION,C_TREND_EXPANSION,XAUUSD,LONDON_NEWYORK,EXECUTION,4,true,32,0,0.0,0,0,0,0,0,0,0,0,0,0,0,0,,,,,,,UNDEFINED_NO_CLOSED_TRADES,,UNDEFINED_NO_CLOSED_TRADES,,,,,,
