symbol,session,CANDIDATE_N,TRIGGER_INPUT,TRIGGER_PASS,CONFIRMATION_INPUT,CONFIRMATION_PASS,GEOMETRY_VALID,ENTRY_AVAILABLE,1R,2R,3R,4R,5R,natural_target_median_R,management_expectancy_R
EURUSD,ASIAN_LONDON,221,221,9,9,0,0,0,0,0,0,0,0,None,None
EURUSD,LONDON_NEWYORK,221,221,4,4,1,1,1,0,0,0,0,0,8.657386,-1.0
GBPUSD,ASIAN_LONDON,221,221,4,4,2,0,0,0,0,0,0,0,None,None
GBPUSD,LONDON_NEWYORK,221,221,2,2,0,0,0,0,0,0,0,0,None,None
USDJPY,ASIAN_LONDON,221,221,8,8,0,0,0,0,0,0,0,0,None,None
USDJPY,LONDON_NEWYORK,221,221,6,6,2,1,1,0,0,0,0,0,1.276923,-1.0
XAUUSD,ASIAN_LONDON,221,221,4,4,1,1,1,0,0,0,0,0,0.711297,-0.14435146443515184
XAUUSD,LONDON_NEWYORK,221,221,5,5,0,0,0,0,0,0,0,0,None,None
POOLED,POOLED,1768,1768,42,42,6,3,3,0,0,0,0,0,1.276923,-0.714783821478384
